 {
     "left": 157.63382720947266,
     "top": 287.4529495239258,
      "transform": [
          {"scale": 1.525288006686952},
          {"rotate": "-3.4177927958830026deg"}
          ]
}